Sprecko,"0, Careful Shot, 0, Call Out, 6, Refresh, 9, Lure Shot, 12, Breaker, 15, Shield, 19, Clear Field, 24, Toppler, 30, Mark, 35, Snipe, 39, Forward Pass, 43, Demolish","Boom, Relaxed Hit, Power Sap, Dig, Pipe, Exhaust, Hunker, Tough Front, Torch Pass, Chill Out, Heat Up"
Bongus,"0, Breaker, 0, Drum, 5, Refresh, 9, Calming Aura, 12, Power Sap, 17, Shield, 20, Mark, 25, Bounce, 31, Clear Field, 36, Stomp, 40, Forward Pass, 44, Mighty Yell, 48, Vigor Beam","Careful Shot, Boom, Lure Shot, Relaxed Hit, Dig, Pipe, Exhaust, Hunker, Tough Front, Torch Pass, Call Out, Chill Out, Heat Up, Toppler, Demolish, Snipe, High Slam"
Surgus,"0, Toppler, 0, Rally, 5, Refresh, 9, Provoke, 12, Jammer, 17, Shield, 20, Mark, 25, Relentless, 31, Clear Field, 36, Bring the Heat, 40, Heat Up, 44, Torch Pass, 48, Contest","Careful Shot, Boom, Lure Shot, Breaker, Relaxed Hit, Power Sap, Dig, Pipe, Forward Pass, Exhaust, Hunker, Tough Front, Call Out, Chill Out, Demolish, Snipe, Cut Shot, High Five"
Illugus,"0, Lure Shot, 0, Lay Trap, 5, Refresh, 9, Tracker, 12, Distraction, 17, Snipe, 20, Shield, 25, Sneak Attack, 31, Mark, 36, Stinger, 40, Sting, 44, Dump, 48, Clear Field","Careful Shot, Boom, Breaker, Relaxed Hit, Power Sap, Dig, Pipe, Forward Pass, Exhaust, Hunker, Tough Front, Torch Pass, Call Out, Chill Out, Heat Up, Toppler, Demolish, Trickspin, Slice, Sweep, Feint"
Kichik,"0, Quick Breath, 0, Basic Hit, 6, Stretch, 9, Kick, 12, Shield, 14, Shove, 17, Net Rush, 24, Thump, 28, Smack, 31, Flying Kick, 35, Cover, 41, Vigor Beam","Bump, Relaxed Hit, Deep Breath, Hunker, Desperate Force, Call Out, Body Ready, Stomp, Hawkeye, Breaker, Reposition, Mark, Demolish, Tough Front"
Ostrisigh,"0, Quick Breath, 0, Basic Hit, 10, Stretch, 13, Kick, 16, Shield, 18, Shove, 21, Net Rush, 28, Thump, 32, Smack, 35, Flying Kick, 39, Cover, 45, Vigor Beam","Bump, Relaxed Hit, Deep Breath, Hunker, Desperate Force, Call Out, Body Ready, Stomp, Hawkeye, Breaker, Reposition, Mark, Demolish, Tough Front"
Kasaleet,"0, Quick Breath, 0, Basic Hit, 14, Stretch, 17, Kick, 20, Shield, 22, Shove, 25, Net Rush, 32, Thump, 36, Smack, 39, Flying Kick, 43, Cover, 49, Vigor Beam","Bump, Relaxed Hit, Deep Breath, Hunker, Desperate Force, Call Out, Body Ready, Stomp, Hawkeye, Breaker, Reposition, Mark, Demolish, Tough Front"
Axolati,"0, Hum, 0, Pepshot, 7, Cheer, 11, Rousing Strike, 15, Drum, 19, Dramatic Exit, 23, Bring the Heat, 28, Battle Cry, 32, Introduce, 36, Supercommit, 41, Chant","Jammer, Mighty Yell, Net Rush, Cover, Forward Pass, Whistle, Shield, Trait Dance, Soliloquy, Energized, Stomp, Relaxed Hit, Thriller"
Hopsong,"0, Hum, 0, Pepshot, 11, Cheer, 15, Rousing Strike, 19, Drum, 23, Dramatic Exit, 27, Bring the Heat, 32, Battle Cry, 36, Introduce, 40, Supercommit, 45, Chant","Jammer, Mighty Yell, Net Rush, Cover, Forward Pass, Whistle, Shield, Trait Dance, Soliloquy, Energized, Stomp, Relaxed Hit, Thriller"
Hopra,"0, Hum, 0, Pepshot, 15, Cheer, 19, Rousing Strike, 23, Drum, 27, Dramatic Exit, 31, Bring the Heat, 36, Battle Cry, 40, Introduce, 44, Supercommit, 49, Chant","Jammer, Mighty Yell, Net Rush, Cover, Forward Pass, Whistle, Shield, Trait Dance, Soliloquy, Energized, Stomp, Relaxed Hit, Thriller"
Bildit,"0, Dig, 0, Practice Shot, 7, Forward Pass, 10, Prepared Attack, 13, Set, 17, Demanding Set, 21, Zigzag, 24, Build, 28, Wall, 33, Quick Set, 37, Tool, 41, Meditate","Bump, Dump, Roll Shot, Tracker, Mindfield, Pipe, Tactical Pass, Net Rush, Shield, Refresh, Muscle Memory, Lay Trap, Nice Shot, Shake Off, Rumble, High Five, Excited Pass, Clear Field, Sweep"
Handicoot,"0, Dig, 0, Practice Shot, 11, Forward Pass, 14, Prepared Attack, 17, Set, 21, Demanding Set, 25, Zigzag, 28, Build, 32, Wall, 37, Quick Set, 41, Tool, 45, Meditate","Bump, Dump, Roll Shot, Tracker, Mindfield, Pipe, Tactical Pass, Net Rush, Shield, Refresh, Muscle Memory, Lay Trap, Nice Shot, Shake Off, Rumble, High Five, Excited Pass, Clear Field, Sweep"
Bandicraft,"0, Dig, 0, Practice Shot, 15, Forward Pass, 18, Prepared Attack, 21, Set, 25, Demanding Set, 29, Zigzag, 32, Build, 36, Wall, 41, Quick Set, 45, Tool, 49, Meditate","Bump, Dump, Roll Shot, Tracker, Mindfield, Pipe, Tactical Pass, Net Rush, Shield, Refresh, Muscle Memory, Lay Trap, Nice Shot, Shake Off, Rumble, High Five, Excited Pass, Clear Field, Sweep, Precision Strike"
Collarva,"0, Practice Shot, 0, Heart Harden, 5, Cold Calculation, 8, Hunker, 14, Grit, 20, Heat Up, 23, Nerve Strike, 27, Provoke, 32, Overthink, 36, Rattle, 40, Perfect Shot, 45, Dreadful Mist","Comeback, Tough Front, Explosive Spirit, Daring Pass, Blaze, Shield, Raw Fury, Dramatic Exit, Frazzle, Chill Out, Ego Blast, Splinter, Gloom, Soliloquy, Echo Strike, Exhaust, Chant"
Wormask,"0, Practice Shot, 0, Heart Harden, 8, Cold Calculation, 11, Hunker, 17, Grit, 23, Heat Up, 26, Nerve Strike, 30, Provoke, 35, Overthink, 39, Rattle, 43, Perfect Shot, 48, Dreadful Mist","Comeback, Tough Front, Explosive Spirit, Daring Pass, Blaze, Shield, Raw Fury, Dramatic Exit, Frazzle, Chill Out, Ego Blast, Splinter, Gloom, Soliloquy, Echo Strike, Exhaust, Chant"
Plumask,"0, Practice Shot, 0, Heart Harden, 11, Echo Strike, 14, Hunker, 20, Grit, 26, Rally, 29, Ego Blast, 33, Provoke, 38, Overthink, 42, Passion Strike, 46, Perfect Shot, 51, Dreadful Mist","Comeback, Tough Front, Explosive Spirit, Daring Pass, Blaze, Shield, Raw Fury, Dramatic Exit, Frazzle, Chill Out, Nerve Strike, Heat Up, Splinter, Rattle, Cold Calculation, Gloom, Soliloquy, Exhaust, Chant, Scream"
Shooga,"0, Bump, 0, Quick Tag, 6, Breaker, 9, Cover, 12, Hawkeye, 15, Dive, 19, Dig, 23, Flex, 29, True Strike, 33, Shake Off, 38, Vigor Beam, 43, Patience","Demolish, Juggle, Forward Pass, Lock Target, Mark, Shield, Thunder, Thump, Quick Breath, Build"
Supassum,"0, Bump, 0, Quick Tag, 9, Breaker, 12, Cover, 15, Hawkeye, 18, Dive, 22, Dig, 26, Flex, 32, True Strike, 36, Shake Off, 41, Vigor Beam, 46, Patience","Demolish, Juggle, Forward Pass, Lock Target, Mark, Shield, Thunder, Thump, Quick Breath, Build, Set"
Supilero,"0, Bump, 0, Quick Tag, 12, Breaker, 15, Cover, 18, Hawkeye, 21, Dive, 25, Dig, 29, Flex, 35, True Strike, 39, Shake Off, 44, Vigor Beam, 52, Introduce","Demolish, Juggle, Forward Pass, Lock Target, Mark, Shield, Patience, Thunder, Thump, Quick Breath, Build, Set, Mighty Yell, Provoke, Grit"
Sefren,"0, Beginner Effort, 0, Whoosh, 6, Shield, 10, Tornadoball, 16, Cyclone, 20, Bring the Heat, 25, Clear Field, 31, Airblast, 36, Net Rush, 40, Blaze, 45, Flight, 49, Explosive Spirit","Desperate Force, Daring Pass, Reposition, Quick Tag, Cover, Fall Back, Role Reverse, Dramatic Exit, Swarm"
Zefyre,"0, Beginner Effort, 0, Whoosh, 10, Shield, 14, Tornadoball, 20, Cyclone, 24, Bring the Heat, 29, Clear Field, 35, Airblast, 40, Net Rush, 44, Blaze, 49, Flight, 53, Explosive Spirit","Desperate Force, Daring Pass, Reposition, Quick Tag, Cover, Fall Back, Role Reverse, Dramatic Exit, Swarm"
Woollie,"0, Pepshot, 0, Dig, 8, Relentless, 12, Desperate Force, 16, Net Rush, 21, Comeback, 26, Shake Off, 30, Whistle, 34, Launch, 39, Thrash, 43, Vigor Beam","Bump, Hawkeye, Counter, Cover, Juggle, Mark, Shield, Quick Tag, Energized, Goo-Goo Eyes, Explosive Spirit, Role Reverse, Thriller, Dive, Spitball, Steal, Excited Pass, Forward Pass, True Strike"
Fetcham,"0, Pepshot, 0, Dig, 13, Relentless, 17, Desperate Force, 21, Net Rush, 26, Comeback, 31, Shake Off, 35, Whistle, 39, Launch, 44, Thrash, 48, Vigor Beam","Bump, Hawkeye, Counter, Cover, Juggle, Mark, Shield, Quick Tag, Energized, Goo-Goo Eyes, Explosive Spirit, Role Reverse, Thriller, Dive, Spitball, Steal, Excited Pass, Forward Pass, True Strike"
Rookee,"0, Zinger, 0, Jeer, 5, Provoke, 9, Lure Shot, 12, Kick, 16, Nettle, 20, Sneak Attack, 24, Exhaust, 29, Upsetting Comment, 33, Spitball, 37, Whistle, 41, Lay Trap, 46, Tool","Kneebender, Prepared Attack, Roll Shot, Pressure, Heartbreaker, Juggle, Forward Pass, Stinky, Shield, Feint, Deep Breath, Hunker, Intimidate, Frazzle, Nice Shot, Chill Out, Rattle, Stinger"
Garood,"0, Zinger, 0, Jeer, 9, Provoke, 13, Lure Shot, 16, Kick, 20, Nettle, 24, Sneak Attack, 28, Exhaust, 33, Upsetting Comment, 37, Spitball, 41, Whistle, 45, Lay Trap, 50, Tool","Kneebender, Prepared Attack, Roll Shot, Pressure, Heartbreaker, Juggle, Forward Pass, Stinky, Shield, Feint, Deep Breath, Hunker, Intimidate, Frazzle, Nice Shot, Chill Out, Rattle, Stinger"
Kaleidarn,"0, Swarm, 0, Net Rush, 6, Hum, 12, Tornadoball, 17, Raw Fury, 23, Daring Pass, 28, Whistle, 33, Counter, 38, Tactical Pass, 42, Updraft, 47, Turnabout","Pepshot, Careful Shot, Toppler, Cut Shot, Zigzag, Slice, Excited Pass, Cover, Forward Pass, Blaze, Battle Cry, Cyclone, Shield"
Platenna,"0, Practice Shot, 0, Mind Read, 4, Cornershot, 9, Heat Up, 12, Tracker, 18, Lay Trap, 24, Snipe, 30, Mark, 36, Freezeray, 40, Telekinesis, 46, Echo Strike","Nerve Strike, Floater, Stinger, Dump, Tactical Pass, Cover, Pipe, Forward Pass, Meditate, Assess, Overthink, Lock Target, Smack, Shield, Staredown, Frazzle, Pierce, Zigzag"
Platypulse,"0, Practice Shot, 0, Mind Read, 9, Cornershot, 14, Heat Up, 17, Tracker, 23, Lay Trap, 29, Snipe, 35, Mark, 41, Freezeray, 45, Telekinesis, 51, Echo Strike","Nerve Strike, Floater, Stinger, Dump, Tactical Pass, Cover, Pipe, Forward Pass, Meditate, Assess, Overthink, Lock Target, Smack, Shield, Staredown, Frazzle, Pierce, Zigzag"
Servitt,"0, Bump, 0, Feint, 7, Net Rush, 11, Pepshot, 16, Shove, 21, Cut Shot, 25, Tough Front, 29, Spike, 33, Mark, 38, Inspiring Defense, 43, Counter, 48, Launch","Hyperspike, Dive, Desperate Force, Cover, Reposition, Distraction, Role Reverse, High Five, Blaze, Energized, Turnabout, Shield, Dramatic Exit, Vigor Beam, Contest, Fall Back, Wall, Stretch, Catwalk"
Servace,"0, Bump, 0, Feint, 11, Net Rush, 15, Pepshot, 20, Shove, 25, Cut Shot, 29, Tough Front, 33, Spike, 37, Mark, 42, Inspiring Defense, 47, Counter, 52, Launch","Hyperspike, Dive, Desperate Force, Cover, Reposition, Distraction, Role Reverse, High Five, Blaze, Energized, Turnabout, Shield, Dramatic Exit, Vigor Beam, Contest, Fall Back, Wall, Stretch, Catwalk"
Radillo,"0, Beginner Effort, 0, Provoke, 9, Grit, 12, Daring Pass, 19, Desperate Force, 23, Tough Front, 27, Dive, 31, Counter, 35, Overpower, 38, Role Reverse, 42, Net Rush, 46, Burnout","Challenge, Contest, Confident Pass, Spike, Slide, Hyperspike, Relentless, Toppler, Pipe, Dig, Quick Tag, Shield, Rocket, Launch, Turnabout, Dramatic Exit, Whoosh, Exhaust, Swarm, Dodge Roll"
Daredillo,"0, Beginner Effort, 0, Provoke, 13, Grit, 16, Daring Pass, 23, Desperate Force, 27, Tough Front, 31, Dive, 35, Counter, 39, Overpower, 42, Role Reverse, 46, Net Rush, 50, Burnout","Challenge, Contest, Confident Pass, Spike, Slide, Hyperspike, Relentless, Toppler, Pipe, Dig, Quick Tag, Shield, Rocket, Launch, Turnabout, Dramatic Exit, Whoosh, Exhaust, Swarm, Dodge Roll"
Noizard,"0, Rattle, 0, Distraction, 9, Stinky, 16, Raw Fury, 19, Drum, 23, Net Rush, 27, Slice, 31, Staredown, 35, Scream, 40, Frazzle, 47, Dump","Lock Target, Precision Strike, Stinger, Floater, Cornershot, Desperate Force, Mighty Yell, Jeer, Mark, Whistle, Hawkeye, Toppler, Rally, Shield, Provoke, Pierce"
Diggum,"0, Dig, 0, Pepshot, 5, Forward Pass, 10, Calming Aura, 13, Floater, 17, Squeeze, 23, Build, 27, Bring the Heat, 32, Fortify, 36, Share Snack, 40, Supercommit, 46, Torch Pass","Quick Set, Call Out, Grit, Desperate Force, Precision Strike, Refresh, Chant, Whistle, Quick Breath, Hawkeye, Goo-Goo Eyes, Shield, Set, Cook, Lure Shot"
Merrifly,"0, Cheer, 0, Basic Hit, 6, Rally, 11, Set, 18, Reach Shot, 22, Chant, 26, Updraft, 30, Kneebender, 36, Vigor Beam, 40, Pump Up, 47, Dispel","Introduce, Thunder, Relaxed Hit, Whistle, Whoosh, High Five, Juggle, Drum, Shield, Excited Pass, Swarm"
Cherrily,"0, Cheer, 0, Basic Hit, 9, Rally, 14, Set, 21, Reach Shot, 25, Chant, 29, Updraft, 33, Kneebender, 39, Vigor Beam, 43, Pump Up, 50, Dispel","Introduce, Thunder, Relaxed Hit, Whistle, Whoosh, High Five, Juggle, Drum, Shield, Excited Pass, Swarm"
Yueffowl,"0, Mindfield, 0, Lock Target, 7, Mark, 11, Lure Shot, 17, Meditate, 22, Provoke, 27, Freezeray, 32, Assess, 36, Teleport, 41, Tool, 46, Staredown","Tracker, Cold Calculation, Floater, Rainbow, Updraft, Refresh, Chill Out, Call Out, Shield, Exhaust, Rattle"
Albrax,"0, Mindfield, 0, Lock Target, 10, Mark, 14, Lure Shot, 20, Meditate, 25, Provoke, 30, Freezeray, 35, Assess, 39, Teleport, 44, Tool, 49, Staredown","Tracker, Cold Calculation, Floater, Rainbow, Updraft, Refresh, Chill Out, Call Out, Shield, Exhaust, Rattle"
Scrubbub,"0, Breaker, 0, Whoosh, 6, Shake Off, 10, Precision Strike, 14, Smack, 18, Rocket, 24, Set, 30, Rainbow, 34, Fall Back, 40, Hawkeye, 46, Hyperspike","Bump, Pipe, Forward Pass, Overpower, Dig, Hunker, Juggle, Pressure, Mighty Yell, Shield, Battle Cry, Clear Field, Call Out, Dive, Mark"
Grubiron,"0, Breaker, 0, Whoosh, 9, Shake Off, 13, Precision Strike, 17, Smack, 21, Rocket, 27, Set, 33, Rainbow, 37, Fall Back, 43, Hawkeye, 49, Hyperspike","Bump, Pipe, Forward Pass, Overpower, Dig, Hunker, Juggle, Pressure, Mighty Yell, Shield, Battle Cry, Clear Field, Call Out, Dive, Mark"
Beetlback,"0, Breaker, 0, Confident Pass, 11, Shake Off, 15, Precision Strike, 19, Smack, 23, Rocket, 29, Set, 35, Rainbow, 39, Fall Back, 45, Hawkeye, 51, Hyperspike","Bump, Pipe, Forward Pass, Overpower, Dig, Hunker, Juggle, Pressure, Mighty Yell, Shield, Battle Cry, Clear Field, Call Out, Whoosh, Dive, Mark, Tactical Pass, Cold Calculation, Updraft, Perfect Shot, Lock Target"
Webbounce,"0, Trickspin, 0, Cheer, 5, Juggle, 10, Sidewinder, 14, Whistle, 19, Slice, 24, Confident Pass, 30, Zigzag, 36, Bounce, 40, Set, 44, Stinky, 48, Rainbow","Reach Shot, Relaxed Hit, Cornershot, Exhaust, Muscle Memory, Shield, Trait Dance, Shake Off, Ricochet, Twist, Kick"
Goofsder,"0, Trickspin, 0, Cheer, 9, Juggle, 14, Sidewinder, 18, Whistle, 23, Slice, 28, Confident Pass, 34, Zigzag, 40, Bounce, 44, Set, 48, Stinky, 52, Rainbow","Reach Shot, Relaxed Hit, Cornershot, Exhaust, Muscle Memory, Shield, Trait Dance, Shake Off, Ricochet, Twist, Kick"
Gastic,"0, Cornershot, 0, Cover, 7, Stinky, 12, Rattle, 17, Heat Up, 22, Nerve Strike, 27, Hex, 30, Freezeray, 33, Squeeze, 38, Dreadful Mist, 43, Soulcrusher, 48, Gloom","Mindfield, Slice, Refresh, Teleport, Feint, Meditate, Staredown, Jeer, Mark, Hawkeye, Patience, Shield, Dispel, Echo Strike, Menace, Exhaust, Wink"
Wisper,"0, Cornershot, 0, Cover, 10, Stinky, 15, Rattle, 20, Heat Up, 25, Nerve Strike, 30, Hex, 33, Freezeray, 36, Squeeze, 41, Dreadful Mist, 46, Soulcrusher, 51, Gloom","Mindfield, Slice, Refresh, Teleport, Feint, Meditate, Staredown, Jeer, Mark, Hawkeye, Patience, Shield, Dispel, Echo Strike, Menace, Exhaust, Wink"
Mistic,"0, Cornershot, 0, Cover, 13, Stinky, 18, Rattle, 23, Heat Up, 28, Nerve Strike, 33, Hex, 36, Freezeray, 39, Squeeze, 44, Dreadful Mist, 49, Soulcrusher, 54, Gloom","Mindfield, Slice, Refresh, Teleport, Feint, Meditate, Staredown, Jeer, Mark, Hawkeye, Patience, Shield, Dispel, Echo Strike, Menace, Exhaust, Wink"
Wottle,"0, Careful Shot, 0, Goo-Goo Eyes, 6, Pipe, 10, Flight, 16, Quick Tag, 21, Gloom, 25, Tornadoball, 31, Dodge Roll, 36, Hunker, 41, Bring the Heat, 47, Torch Pass","Toppler, Patience, Hawkeye, Forward Pass, Tough Front, Exhaust, Mark, Deep Breath, Clear Field, Shield, Fortify, Set, Cover, Net Rush, Hum, Fall Back"
Troglum,"0, Twist, 0, Role Reverse, 6, Trickspin, 10, Lock Target, 17, Sidewinder, 20, Trait Dance, 24, Slice, 29, Net Rush, 35, Zigzag, 40, Provoke, 44, Dump","Reach Shot, Zinger, Cornershot, Freezeray, Lure Shot, Cover, Refresh, Telekinesis, Teleport, Whistle, Juggle, Tough Front, Rocket, Shield, Frazzle, Dive, Nice Shot, Rattle, Dig, Ricochet, Stinger, Clear Field"
Varkabond,"0, Twist, 0, Role Reverse, 10, Trickspin, 14, Lock Target, 21, Sidewinder, 24, Trait Dance, 28, Slice, 33, Net Rush, 39, Zigzag, 44, Provoke, 48, Dump","Reach Shot, Zinger, Cornershot, Freezeray, Lure Shot, Cover, Refresh, Telekinesis, Teleport, Whistle, Juggle, Tough Front, Rocket, Shield, Frazzle, Dive, Nice Shot, Rattle, Dig, Ricochet, Stinger, Clear Field"
Skulkapi,"0, Practice Shot, 0, Fall Back, 5, Twist, 10, Teleport, 15, Zigzag, 20, Wink, 26, Sneak Attack, 31, Reign, 36, Cut Shot, 42, Intimidate, 48, Soulcrusher","Pressure, Lure Shot, Ego Blast, Relentless, Toppler, Jammer, Net Rush, Cover, Forward Pass, Excited Pass, Feint, Meditate, Mark, Mind Read, Staredown, Exhaust, Shield, Flight, Whoosh, Thrash, Goo-Goo Eyes"
Armantis,"0, Mark, 0, Pierce, 5, Kneebender, 8, Shield, 11, Net Rush, 17, Distraction, 23, Sneak Attack, 30, Staredown, 34, High Slam, 38, Wall, 42, Splinter, 46, Ricochet","Floater, Heartbreaker, Cornershot, Stomp, Reposition, Provoke, Jeer, Mind Read, Hawkeye, Power Sap, Steal, Set, Spike, Perfect Shot, True Strike, Sweep, Fortify, Deep Breath"
Grazada,"0, Excited Pass, 0, Beginner Effort, 6, Careful Shot, 9, Stinky, 13, Cheer, 18, Raw Fury, 23, Rally, 30, Mighty Yell, 34, Thriller, 39, Tough Front, 44, Scream, 47, Battle Cry","Staredown, Grit, Jammer, Refresh, Set, Call Out, Exhaust, Hunker, Provoke, Dramatic Exit, High Five, Shield, Upsetting Comment, Pepshot, Challenge, Chant, Pipe, Wink, Chill Out, Distraction"
Seakit,"0, Net Rush, 0, Practice Shot, 9, Telekinesis, 14, Floater, 19, Sting, 22, Deep Breath, 26, Sneak Attack, 31, Nettle, 35, Tracker, 39, Mark, 43, Roll Shot, 48, Soulcrusher","Nerve Strike, Stinger, Tactical Pass, Exhaust, Lock Target, Cover, Feint, Assess, Jeer, Quick Breath, Hawkeye, Shield"
Vultoxin,"0, Net Rush, 0, Practice Shot, 9, Telekinesis, 14, Floater, 19, Sting, 22, Deep Breath, 26, Sneak Attack, 31, Nettle, 35, Tracker, 39, Mark, 43, Roll Shot, 48, Soulcrusher","Nerve Strike, Stinger, Tactical Pass, Exhaust, Lock Target, Cover, Feint, Assess, Jeer, Quick Breath, Hawkeye, Shield"
Turogue,"0, Hunker, 0, Relaxed Hit, 4, Quick Breath, 8, Drum, 11, Heartbreaker, 18, Shield, 23, Boom, 29, Mighty Yell, 32, Dump, 37, Refresh, 40, Patience, 46, Stomp","Deep Breath, Prepared Attack, Precision Strike, Cornershot, Rainbow, Cover, Call Out, Provoke, Vigor Beam, Set, Nice Shot, Trait Dance, Steal, Introduce, Menace, Chant, Daring Pass"
Turtaneer,"0, Hunker, 0, Relaxed Hit, 7, Quick Breath, 11, Drum, 14, Heartbreaker, 21, Shield, 26, Boom, 32, Mighty Yell, 35, Dump, 40, Refresh, 43, Patience, 49, Stomp","Deep Breath, Prepared Attack, Precision Strike, Cornershot, Rainbow, Cover, Call Out, Provoke, Vigor Beam, Set, Nice Shot, Trait Dance, Steal, Introduce, Menace, Chant, Daring Pass"
Tortanchor,"0, Hunker, 0, Relaxed Hit, 9, Quick Breath, 13, Drum, 16, Heartbreaker, 23, Shield, 28, Boom, 34, Mighty Yell, 37, Dump, 42, Refresh, 45, Patience, 51, Stomp","Deep Breath, Prepared Attack, Precision Strike, Cornershot, Rainbow, Cover, Call Out, Provoke, Vigor Beam, Set, Nice Shot, Trait Dance, Steal, Introduce, Menace, Chant, Daring Pass"
Waglash,"0, Basic Hit, 0, Jeer, 6, Body Ready, 10, Breaker, 14, Hunker, 17, Rocket, 21, Flex, 25, Shake Off, 30, Muscle Memory, 34, Shield, 39, Launch, 42, Hyperspike","Thump, Shove, Exhaust, Trait Dance, Quick Breath, Dig, Pump Up, Cyclone, High Five, Smack"
Riplash,"0, Basic Hit, 0, Jeer, 11, Body Ready, 15, Breaker, 19, Hunker, 22, Rocket, 26, Flex, 30, Shake Off, 35, Muscle Memory, 39, Shield, 44, Launch, 47, Hyperspike","Thump, Shove, Exhaust, Trait Dance, Quick Breath, Dig, Pump Up, Cyclone, High Five, Smack"
Gullit,"0, Practice Shot, 0, Call Out, 5, Quick Breath, 8, Tracker, 12, Whistle, 17, Counter, 22, Floater, 26, Exhaust, 30, Grit, 34, Cyclone, 38, Tough Front, 43, Roll Shot","Precision Strike, Zigzag, Dump, Bump, Bring the Heat, Net Rush, Cover, Provoke, Jeer, Mark, Shield, Flight, Scream, Chant, Tornadoball"
Skiffrig,"0, Practice Shot, 0, Call Out, 9, Quick Breath, 12, Tracker, 16, Whistle, 21, Counter, 26, Floater, 30, Exhaust, 34, Grit, 38, Cyclone, 42, Tough Front, 47, Roll Shot","Precision Strike, Zigzag, Dump, Bump, Bring the Heat, Net Rush, Cover, Provoke, Jeer, Mark, Shield, Flight, Scream, Chant, Tornadoball"
Petula,"0, Beginner Effort, 0, Nettle, 7, Careful Shot, 11, Sting, 15, Lay Trap, 19, Relentless, 23, Refresh, 27, Blaze, 32, Cut Shot, 36, Shake Off, 40, Patience, 45, Turnabout","Grit, Raw Fury, Net Rush, Cover, Excited Pass, Hunker, Dispel, Shield, Jammer, Teleport, Gloom, Swarm, Passion Strike"
Flowish,"0, Beginner Effort, 0, Nettle, 7, Careful Shot, 11, Sting, 15, Lay Trap, 19, Relentless, 23, Refresh, 27, Blaze, 32, Cut Shot, 36, Shake Off, 40, Patience, 45, Turnabout","Grit, Raw Fury, Net Rush, Cover, Excited Pass, Hunker, Dispel, Shield, Jammer, Teleport, Gloom, Swarm, Passion Strike, Hum"
Orgella,"0, Beginner Effort, 0, Nettle, 7, Careful Shot, 11, Sting, 15, Lay Trap, 19, Relentless, 23, Refresh, 27, Blaze, 32, Cut Shot, 36, Shake Off, 40, Patience, 45, Turnabout","Grit, Raw Fury, Net Rush, Cover, Excited Pass, Hunker, Dispel, Shield, Jammer, Teleport, Gloom, Swarm, Passion Strike, Hum"
Squimage,"0, Pepshot, 0, Call Out, 5, Mimic, 9, Prepared Attack, 12, Jammer, 18, Pump Up, 23, Energized, 29, Dramatic Exit, 33, Rainbow, 38, Overpower, 43, Trait Dance, 47, Contest","Shield, Spitball, Hyperspike, Perfect Shot, Excited Pass, Forward Pass, Hawkeye, Goo-Goo Eyes, Cyclone, Mark, Exhaust, Overthink, Distraction, Kneebender, Steamer, Rally, Thriller, Juggle, Heart Harden, Cook, Gloom, Passion Strike, Challenge"
Crabaret,"0, Basic Hit, 0, Drum, 6, Whistle, 11, Zinger, 16, Cheer, 20, Counter, 25, Juggle, 31, Demolish, 36, Trait Dance, 41, Dramatic Exit, 47, Stomp","Breaker, Dive, Toppler, Contest, Net Rush, Cover, Reposition, Provoke, Steal, Role Reverse, Body Ready, Shield, Exhaust, Hum, High Five, Rousing Strike, Slide, Passion Strike, Daring Pass"
Leobro,"0, Basic Hit, 0, Stretch, 6, Dig, 11, Relaxed Hit, 16, Pump Up, 21, Muscle Memory, 26, High Five, 31, Set, 36, Nice Shot, 40, Quick Set, 44, Slide, 49, Overpower","Bump, Dump, Forward Pass, Hyperspike, Confident Pass, Deep Breath, Hawkeye, Body Ready, Call Out, Meditate, Flex, Tough Front, Shield, Spitball, Trait Dance, Wall"
Broslidon,"0, Basic Hit, 0, Stretch, 0, Whoosh, 6, Dig, 11, Relaxed Hit, 16, Pump Up, 21, Muscle Memory, 26, High Five, 31, Set, 36, Nice Shot, 40, Quick Set, 44, Slide, 49, Overpower","Bump, Dump, Forward Pass, Hyperspike, Confident Pass, Deep Breath, Hawkeye, Body Ready, Call Out, Meditate, Flex, Tough Front, Shield, Spitball, Trait Dance, Wall"
Mudslee,"0, Chill Out, 0, Cornershot, 5, Refresh, 8, Dig, 13, Floater, 19, Calming Aura, 24, Build, 30, Spitball, 35, Wink, 41, Freezeray, 46, Clear Field","Pressure, Nerve Strike, Forward Pass, Pipe, Hunker, Patience, Deep Breath, Meditate, Exhaust, Shield, Smack, Mighty Yell, Heat Wave, Shake Off, Squeeze"
Crawlurk,"0, Pierce, 0, Lock Target, 6, Menace, 11, Finisher, 16, Pressure, 20, Feint, 26, Sneak Attack, 30, Muscle Memory, 36, Intimidate, 39, Splinter, 44, Launch, 49, Assess","Jeer, Snipe, Energized, Breaker, Relaxed Hit, Power Sap, Rocket, Tracker, Stinger, Cover, Nettle, Provoke, Mark, Pump Up, Shield, Rattle, Lay Trap, Sweep"
Musselbound,"0, Bump, 0, Dig, 4, Stretch, 13, Zigzag, 17, Hunker, 22, Muscle Memory, 28, Tough Front, 33, Thump, 37, Roll Shot, 42, Smack, 50, Overpower","Relentless, Dive, Sneak Attack, Spitball, Juggle, Net Rush, Confident Pass, Flex, Body Ready, Shield, Exhaust, Patience, Grit"
Xiphosaur,"0, Beginner Effort, 0, Shield, 6, Dig, 11, Toppler, 16, Hunker, 21, Forward Pass, 26, Careful Shot, 30, Drum, 34, Cook, 37, Lay Trap, 41, Counter, 46, Exhaust","Steamer, Comeback, Desperate Force, Grit, Pipe, Tough Front, Nettle, Body Ready, Torch Pass, Shake Off"
Psylusc,"0, Practice Shot, 5, Mind Read, 12, Telekinesis, 14, Cold Calculation, 19, Chill Out, 22, Teleport, 26, Heartbreaker, 31, Shield, 35, Meditate, 39, Rainbow, 43, Tactical Pass, 48, Perfect Shot","Heat Up, Tracker, Prepared Attack, Jammer, Provoke, Lock Target, Tough Front, Cover, Precision Strike, Exhaust, Fall Back, Nerve Strike, Freezeray, Reign"
Conjarr,"0, Beginner Effort, 0, Feint, 6, Net Rush, 10, Toppler, 15, Dispel, 22, Mark, 26, Eruption, 31, Staredown, 36, Chant, 41, Cut Shot, 45, Dreadful Mist, 49, Soliloquy","High Slam, Jammer, Kneebender, Confident Pass, Set, Stinky, Mighty Yell, Jeer, Upsetting Comment, Intimidate, Clear Field, Shield, Frazzle, Provoke, Trait Dance, Mind Read, Flight, Cook, True Strike, Hum, Tornadoball, Distraction"
Skibble,"0, Body Ready, 0, Basic Hit, 6, Dig, 9, Shield, 13, Breaker, 17, Shove, 21, Quick Breath, 24, Rocket, 29, Hunker, 35, Tough Front, 38, Thump, 42, Distraction","Bump, High Slam, Stomp, Tracker, Lure Shot, Ricochet, Cold Calculation, Prepared Attack, Forward Pass, Deep Breath, Feint, Provoke, Flex, Exhaust, Pump Up, Menace, Shake Off"
Skorock,"0, Body Ready, 0, Basic Hit, 9, Dig, 12, Shield, 16, Breaker, 20, Shove, 24, Quick Breath, 27, Rocket, 32, Hunker, 38, Tough Front, 41, Thump, 45, Distraction","Bump, High Slam, Stomp, Tracker, Lure Shot, Ricochet, Cold Calculation, Prepared Attack, Forward Pass, Deep Breath, Feint, Provoke, Flex, Exhaust, Pump Up, Menace, Shake Off"
Boldlur,"0, Rumble, 0, Basic Hit, 12, Dig, 15, Shield, 19, Breaker, 23, Shove, 27, Quick Breath, 30, Rocket, 35, Hunker, 41, Tough Front, 44, Thump, 48, Distraction","Bump, High Slam, Stomp, Tracker, Lure Shot, Ricochet, Cold Calculation, Prepared Attack, Forward Pass, Deep Breath, Feint, Provoke, Flex, Body Ready, Exhaust, Pump Up, Menace, Shake Off, Boom"
Milimine,"0, Basic Hit, 0, Dig, 6, Sidewinder, 10, Rumble, 15, Demolish, 21, Clear Field, 26, Shield, 32, Thump, 36, Mark, 40, High Slam, 44, Overpower","Breaker, Rocket, Lock Target, Jeer, Exhaust, Patience, Mind Read, Heart Harden, Frazzle, Forward Pass"
Demolipede,"0, Basic Hit, 0, Dig, 10, Sidewinder, 14, Rumble, 19, Demolish, 25, Clear Field, 30, Shield, 36, Thump, 40, Mark, 44, High Slam, 48, Overpower","Breaker, Rocket, Lock Target, Jeer, Exhaust, Patience, Mind Read, Heart Harden, Frazzle, Forward Pass, Dive"
Trat,"0, Bump, 0, Clear Field, 5, Reach Shot, 8, Quick Tag, 11, Goo-Goo Eyes, 13, Cornershot, 19, Dispel, 23, Grinder, 28, Trait Dance, 33, Reposition, 38, Sweep, 42, Whistle, 45, Tool","Basic Hit, Power Sap, Freezeray, Juggle, Set, Forward Pass, Cover, Pipe, Dig, Lay Trap, Build, Exhaust, Frazzle, Distraction, Shield, Heat Up, Steal, Demolish, Echo Strike, Tough Front, Fortify"
Punkchirp,"0, Practice Shot, 0, Tactical Pass, 8, Breaker, 14, Tough Front, 19, Snipe, 24, Assess, 29, Heartbreaker, 33, Lay Trap, 38, Sweep, 42, Shield, 46, Spike","Call Out, High Five, Relaxed Hit, Power Sap, Cold Calculation, Deep Breath, Quick Breath, Pierce, Pressure, Trait Dance, Steal, Net Rush, Echo Strike, Chant, Tracker, True Strike, Daring Pass, Pipe, Rally, Lock Target, Kick"
Magpike,"0, Practice Shot, 0, Tactical Pass, 12, Breaker, 18, Tough Front, 23, Snipe, 28, Assess, 33, Heartbreaker, 37, Lay Trap, 42, Sweep, 46, Shield, 50, Spike","Call Out, High Five, Relaxed Hit, Power Sap, Cold Calculation, Deep Breath, Quick Breath, Pierce, Pressure, Trait Dance, Steal, Net Rush, Echo Strike, Chant, Tracker, True Strike, Daring Pass, Pipe, Rally, Lock Target, Kick"
Calcroach,"0, Practice Shot, 0, Tactical Pass, 7, Mind Read, 11, Mindfield, 16, Lay Trap, 21, Cold Calculation, 26, Overthink, 30, Meditate, 35, Prepared Attack, 40, Hawkeye, 45, Tool","Tracker, Floater, Rainbow, Energized, Cover, Call Out, Exhaust, Mark, Shield, Telekinesis, Assess, Dispel, Stinger"
Debugly,"0, Practice Shot, 0, Tactical Pass, 11, Mind Read, 15, Mindfield, 20, Lay Trap, 25, Cold Calculation, 30, Overthink, 34, Meditate, 39, Prepared Attack, 44, Hawkeye, 49, Tool","Tracker, Floater, Rainbow, Energized, Cover, Call Out, Exhaust, Mark, Shield, Telekinesis, Assess, Dispel, Stinger"
Beelb,"0, Basic Hit, 0, Exhaust, 6, Energized, 10, Refresh, 14, Zinger, 18, Quick Breath, 23, Hunker, 26, Power Sap, 30, Deep Breath, 34, Thunder, 39, High Five, 43, Tough Front, 48, Vigor Beam","Relaxed Hit, Overpower, Net Rush, Goo-Goo Eyes, Fall Back, Shield, Frazzle, Shake Off, Body Ready"
Jellibat,"0, Beginner Effort, 0, Goo-Goo Eyes, 8, Exhaust, 13, Careful Shot, 17, Refresh, 20, Dive, 24, Power Sap, 29, Calming Aura, 33, Bring the Heat, 37, Quick Tag, 41, Scream","Relentless, Thriller, Raw Fury, High Slam, Daring Pass, Set, Forward Pass, Call Out, Battle Cry, Shield, High Five, Steal, Flight, Cook, Swarm, Whistle, Squeeze"
Froofulks,"0, Beginner Effort, 0, Goo-Goo Eyes, 12, Exhaust, 17, Careful Shot, 21, Refresh, 24, Dive, 28, Power Sap, 33, Calming Aura, 37, Bring the Heat, 41, Quick Tag, 45, Scream","Relentless, Thriller, Raw Fury, High Slam, Daring Pass, Set, Forward Pass, Call Out, Battle Cry, Shield, High Five, Steal, Flight, Cook, Swarm, Whistle, Squeeze, Torch Pass, Burnout"
Bindiva,"0, Practice Shot, 0, Dig, 7, Jeer, 12, Pierce, 17, Steal, 23, Heartbreaker, 28, Intimidate, 32, Catwalk, 35, Roll Shot, 40, Provoke, 47, Dump","Lure Shot, Sneak Attack, Tool, High Slam, Quick Set, Exhaust, Hawkeye, Shield, Dramatic Exit, Distraction, Echo Strike, Clear Field, Wink"
Gremlur,"0, Trickspin, 0, Jeer, 7, Copycat, 13, Floater, 18, Steal, 24, Mindfield, 29, Provoke, 33, Heartbreaker, 38, Frazzle, 45, Hawkeye, 49, Rainbow","Shield, Cover, Tool, Slice, Forward Pass, Call Out, Deep Breath, Lock Target, Lay Trap, Dreadful Mist, Fall Back, Stinger, Catwalk, Reign, Goo-Goo Eyes"
Opposur,"0, Basic Hit, 0, Jeer, 7, Toppler, 11, Stinky, 16, Kick, 21, Dig, 25, Raw Fury, 29, Thump, 33, Tough Front, 39, Challenge, 45, Mighty Yell, 49, Contest","Zinger, Finisher, Muscle Memory, Relentless, Comeback, Grit, Counter, Net Rush, Provoke, Steal, Intimidate, Staredown, Shield, Exhaust, Flex, Pump Up, Shake Off, Vigor Beam, Wall, Daring Pass"
Blitzwift,"0, Basic Hit, 0, Feint, 5, Whistle, 9, Swarm, 12, Pump Up, 16, Teleport, 20, Flight, 24, Dive, 29, Distraction, 33, Launch, 37, High Five, 43, Slide, 49, Quick Set","Energized, Bump, Finisher, Rocket, High Slam, Spike, Jammer, Counter, Thriller, Net Rush, Cover, Refresh, Updraft, Confident Pass, Whoosh, Mark, Reposition, Hawkeye, Role Reverse, Shield, Quick Tag, Fall Back"
Proteos,"0, Practice Shot, 0, Exhaust, 5, Chill Out, 9, Relaxed Hit, 12, Precision Strike, 16, Deep Breath, 21, Stinger, 26, Patience, 32, Power Sap, 36, Menace, 41, Rainbow, 46, Meditate, 51, Vigor Beam","Shield, Assess, Cover, Spike, High Slam, Prepared Attack, Mindfield, Tactical Pass, Stretch, Telekinesis, Cyclone, Fall Back, Rocket, Ego Blast, True Strike, Squeeze"
Hydrolm,"0, Practice Shot, 0, Exhaust, 8, Chill Out, 12, Relaxed Hit, 15, Precision Strike, 19, Deep Breath, 24, Stinger, 29, Patience, 35, Power Sap, 39, Menace, 44, Rainbow, 49, Meditate, 54, Vigor Beam","Shield, Assess, Cover, Spike, High Slam, Prepared Attack, Mindfield, Tactical Pass, Stretch, Telekinesis, Cyclone, Fall Back, Rocket, Ego Blast, True Strike, Squeeze"
Druppa,"0, Steamer, 0, Exhaust, 7, Cook, 14, Heat Up, 19, Shield, 24, Eruption, 29, Pipe, 34, Reign, 38, Heat Wave, 42, Whistle, 45, Clear Field, 50, Burnout","Relentless, Bring the Heat, Explosive Spirit, Challenge, Floater, Pressure, Excited Pass, Updraft, Blaze, Hunker, Tough Front, Patience, Intimidate, Spitball, Dreadful Mist, Hum"
Scauldra,"0, Steamer, 0, Exhaust, 10, Cook, 17, Heat Up, 22, Shield, 27, Eruption, 32, Pipe, 37, Reign, 41, Heat Wave, 45, Whistle, 48, Clear Field, 53, Burnout","Relentless, Bring the Heat, Explosive Spirit, Challenge, Floater, Pressure, Excited Pass, Updraft, Blaze, Hunker, Tough Front, Patience, Intimidate, Spitball, Dreadful Mist, Hum"
Humflit,"0, Beginner Effort, 0, Exhaust, 8, Hum, 12, Relaxed Hit, 17, Raw Fury, 22, Dramatic Exit, 25, Muscle Memory, 29, Net Rush, 33, Comeback, 37, Heat Up, 41, Tough Front","Daring Pass, Forward Pass, Cheer, Heart Harden, Energized, Boom, Shield, Swarm"
Heliath,"0, Beginner Effort, 0, Rally, 13, Hum, 17, Relaxed Hit, 21, Dramatic Exit, 27, Raw Fury, 30, Muscle Memory, 34, Net Rush, 39, Comeback, 44, Thriller, 48, Heat Wave, 53, Turnabout","Daring Pass, Forward Pass, Cheer, Heart Harden, Energized, Boom, Tough Front, Shield, Exhaust, Heat Up, Swarm, Eruption, Cook"
Lunaptra,"0, Beginner Effort, 0, Dreadful Mist, 13, Hum, 17, Relaxed Hit, 21, Dramatic Exit, 27, Raw Fury, 30, Muscle Memory, 34, Net Rush, 39, Comeback, 44, Power Sap, 48, Spike, 53, Torch Pass","Daring Pass, Forward Pass, Cheer, Heart Harden, Energized, Boom, Tough Front, Shield, Exhaust, Heat Up, Swarm, Dive, Confident Pass, Kick"
Deluja,"0, Zinger, 0, Chill Out, 7, Relaxed Hit, 12, Exhaust, 17, Refresh, 21, True Strike, 26, Patience, 32, Thunder, 36, Hawkeye, 41, Cyclone, 47, Hyperspike","Energized, Nice Shot, High Slam, Updraft, Calming Aura, Whoosh, Clear Field, Staredown, Heat Up, Shield, Shake Off, Boom, Demolish, Wall"
Yamyth,"0, Breaker, 0, Body Ready, 11, Boom, 17, Flex, 23, Shield, 27, Thump, 33, Exhaust, 37, Overpower, 43, Explosive Spirit, 46, Blaze, 50, Ultimate Attack","Pipe, Hyperspike, Turnabout, Supercommit, Stinky, Call Out, Patience, Grit, Cover, Mark, Rumble, Demolish, Thrash, Wall, Menace, Reign"
Pladion,"0, Cornershot, 0, Mind Read, 8, Heat Up, 13, Tracker, 16, Intimidate, 22, Lay Trap, 28, Nerve Strike, 34, Mark, 40, Snipe, 44, Assess, 50, Ricochet","Practice Shot, Freezeray, Floater, Stinger, Dump, Tactical Pass, Cover, Pipe, Forward Pass, Meditate, Telekinesis, Overthink, Lock Target, Smack, Shield, Staredown, Frazzle, Pierce, Echo Strike, Zigzag"
Duggout,"0, Pepshot, 0, Dig, 5, Forward Pass, 10, Grit, 13, Raw Fury, 17, Quick Breath, 23, Build, 27, Bring the Heat, 32, Call Out, 36, Shield, 40, Supercommit, 46, Hawkeye","Quick Set, Calming Aura, Floater, Desperate Force, Precision Strike, Refresh, Chant, Whistle, Torch Pass, Goo-Goo Eyes, Set, Cook, Lure Shot, Squeeze, Share Snack, Fortify, Counter"
Mascurry,"0, Cheer, 0, Basic Hit, 7, Drum, 13, Set, 19, Kneebender, 24, Chant, 29, Stomp, 34, High Five, 41, Pump Up, 48, Vigor Beam","Introduce, Updraft, Reach Shot, Thunder, Relaxed Hit, Whistle, Whoosh, Juggle, Rally, Shield, Dispel, Excited Pass, Swarm"
Diabloceras,"0, Pepshot, 0, Gloom, 10, Mimic, 14, Spitball, 17, Jammer, 23, Pump Up, 28, Energized, 34, Dramatic Exit, 37, Rainbow, 43, Overpower, 48, Trait Dance, 52, Contest","Shield, Prepared Attack, Hyperspike, Perfect Shot, Excited Pass, Forward Pass, Hawkeye, Goo-Goo Eyes, Cyclone, Mark, Exhaust, Call Out, Overthink, Distraction, Kneebender, Steamer, Rally, Thriller, Juggle, Heart Harden, Cook, Passion Strike, Challenge, Reign"
Maraptor,"0, Practice Shot, 0, Net Rush, 11, Relaxed Hit, 17, Tough Front, 22, Pressure, 27, Lock Target, 32, Heartbreaker, 35, Shield, 41, Stomp, 45, Tool, 49, Spike","Call Out, High Five, Power Sap, Cold Calculation, Breaker, Tactical Pass, Assess, Deep Breath, Quick Breath, Pierce, Lay Trap, Trait Dance, Steal, Snipe, Echo Strike, Chant, Tracker, True Strike, Sweep, Daring Pass, Pipe, Rally, Kick, Pump Up"
Shloom,"0, Careful Shot, 0, Rumble, 5, Exhaust, 9, Calming Aura, 12, Boom, 17, Shield, 20, Mark, 25, High Slam, 31, Clear Field, 36, Sneak Attack, 40, Forward Pass, 44, Torch Pass, 48, Ultimate Attack","Lure Shot, Breaker, Relaxed Hit, Power Sap, Dig, Pipe, Refresh, Hunker, Tough Front, Call Out, Chill Out, Heat Up, Toppler, Demolish, Snipe, Drum, Bounce, Vigor Beam, Mighty Yell, Stomp, Rally, Bring the Heat, Jammer, Cut Shot, Provoke, High Five, Contest, Lay Trap, Tracker, Dump, Distraction, Sting, Trickspin, Slice, Stinger, Sweep, Feint, Dreadful Mist, Relentless, Menace"
